run,phase,bidder,R2_r,R2c_r,KT_r,sMAE_r,R2_p,R2c_p,KT_p,sMAE_p,mean_true_r,mean_pred_r,mean_true_p,mean_pred_p
1,after_CCA,0,-1.948131353801469,-0.0002603535042506877,-0.16093839877741933,0.9998900014956625,-12.157729313392922,-0.0034262754808047635,-0.18692364598908678,0.9991696358073907,39.62019990344877,0.004358162730932235,10.535520621405478,0.008748319074511528
1,after_CCA,1,-2.359195835149938,0.018540623051789495,0.5141154232162249,0.9896810639817393,-3.4706877190096384,0.008983354037376379,0.2325916694973882,0.9937703620303125,32.90408538183649,0.3395351517945528,12.277804481799386,0.07648627698421478
1,after_CCA,2,-1.9771749665625884,-0.001064630746127282,-0.21029080394116673,0.9993783671758141,-1.9129121839587384,-0.0018428388842668397,-0.08326499508550574,0.9971512075770947,29.802817068335973,0.018526409342885016,10.698639658554939,0.030478203594684602
1,after_CCA,3,-1.7702734929673185,0.0,nan,1.0,-2.0037556376601646,0.0,nan,1.0,31.054052036722133,0.0,12.219337342499184,0.0
1,after_CCA,4,-1.5631766140637224,-0.0011276805496982512,-0.07030085491325368,0.998203126734601,-10.98097448071993,0.02301552937180773,0.19621290622151835,0.9864514413198395,34.833717552616385,0.06259177580475807,10.04175589118003,0.13605131894350053
1,after_CCA,5,-2.285169357926115,-0.00200893148449266,-0.12849587223296108,0.998372204568052,-7.021803697372535,-0.0022763258502291883,-0.11104015985069035,0.9938633958481777,29.20012389233739,0.04753182828426361,8.74183034262883,0.05364515237510204
1,after_ML_DQ,0,-0.3368269796168064,0.7296675927885516,0.7966523715430517,0.7460040849349286,-17.671505063954804,0.15156770639061445,0.6372299330283775,2.6412781522345634,39.62019990344877,68.9337296750452,11.425963565969418,41.481688435798496
1,after_ML_DQ,1,0.532698708053267,0.61683380970585,0.6780240221637588,0.37848729798241837,-5.596488971414622,0.41523966748609265,0.5964620509540516,1.2780576754293775,32.90408538183649,39.02973056740498,12.27791452126147,27.969797413425503
1,after_ML_DQ,2,-2.7322706854144023,0.7566028407512546,0.7811926841647913,1.3279048669251794,-14.515815819362423,0.31189612630241315,0.34572074073776243,2.9329499468726272,29.802817068335973,69.37812290146012,10.763994787450702,42.33425272744147
1,after_ML_DQ,3,0.3882624292831707,0.38841503301788416,0.602675089594171,0.44309780040871394,-2.431719141534032,0.41276682192616,0.695176999402223,1.2747446443903978,31.054052036722133,30.765728116462924,12.248653722820531,26.89542375236748
1,after_ML_DQ,4,0.19409655397231584,0.2048453359814708,0.38287394167718014,0.5146463130834742,-45.07358673136778,-5.682650658483758,0.602818319073981,1.7472633583679387,34.833717552616385,31.9493469390096,9.963542963885404,27.266378227659487
1,after_ML_DQ,5,0.09768260675711482,0.2088813540268607,0.3408382769252461,0.5376478362237754,-85.6489084306847,-2.3955923458824606,0.5227902616517265,2.7797922789996776,29.20012389233739,35.63379578385314,8.6559351163541,32.7176367203174
1,after_bridge,0,-0.3368269796168064,0.7296675927885516,0.7966523715430517,0.7460040849349286,-102.40456475931673,-1.8966160194685453,0.62535305214786,2.890053655131635,39.62019990344877,68.9337296750452,10.575786081532005,41.14037530235386
1,after_bridge,1,0.532698708053267,0.61683380970585,0.6780240221637588,0.37848729798241837,-5.251619296645885,0.4182271086573224,0.5854297965594906,1.2766570990856074,32.90408538183649,39.02973056740498,12.225795446776624,27.833943995872502
1,after_bridge,2,-2.7322706854144023,0.7566028407512546,0.7811926841647913,1.3279048669251794,-14.562964841322124,0.2778106109251105,0.35935812350498253,2.921093337265622,29.802817068335973,69.37812290146012,10.8584774834563,42.57710371322928
1,after_bridge,3,0.3882624292831707,0.38841503301788416,0.602675089594171,0.44309780040871394,-2.454474381005306,0.40869771966611224,0.6882383059231343,1.2836374449710863,31.054052036722133,30.765728116462924,12.167933153968095,26.820012073695644
1,after_bridge,4,0.19409655397231584,0.2048453359814708,0.38287394167718014,0.5146463130834742,-43.12599900146402,-5.399758449198181,0.5904972820616066,1.740874999006963,34.833717552616385,31.9493469390096,9.945588148299242,27.153515629545772
1,after_bridge,5,0.09768260675711482,0.2088813540268607,0.3408382769252461,0.5376478362237754,-80.97737782864158,-2.2660274417439603,0.5290355403072963,2.761108668412754,29.20012389233739,35.63379578385314,8.699657860015888,32.7203585895309
1,final,0,0.361559482560993,0.6485269259961792,0.841361303134221,0.3849955180743985,-4.469107090790313,0.32259538805946875,0.5469085771277491,0.6089275034782894,39.62019990344877,24.414545818895512,10.497777142337394,4.106590965867152
1,final,1,0.5485013209211949,0.7797695916689146,0.850692753519437,0.3113194280010449,0.2170046484323891,0.7033943299615151,0.6061723057615414,0.38696543464423233,32.90408538183649,22.74811905402395,12.315121048668646,7.5902101241661795
1,final,2,0.8177966213833885,0.8185172276255881,0.8322795173273625,0.230619731591974,0.15511427960005597,0.6518302862125691,0.4140472194523564,0.5681271613601881,29.802817068335973,29.234054932401442,10.81870812059722,5.000247020746175
1,final,3,0.32274262028385814,0.6310335637633906,0.8787530411854428,0.41913963596369863,0.1994437034148424,0.5156646294597573,0.6971205460044171,0.40205093389351715,31.054052036722133,18.09484355757078,12.262700601649618,7.364445961433323
1,final,4,0.5023237494587783,0.5871303594624104,0.856094682935948,0.26581829504493715,0.4094375736769318,0.4250969201957472,0.6267372244758093,0.1931402271568583,34.833717552616385,26.731828599470656,10.479333136648997,9.793805207015792
1,final,5,0.2998852215277795,0.6448773637997063,0.8128478378103151,0.3931612032555196,0.6414183464909887,0.7662055718422137,0.7271413970656936,0.15784291141154316,29.20012389233739,17.867941312043147,8.790682689900201,7.773522750632002
2,after_CCA,0,-1.8587977066204222,-0.0013484245141699436,-0.0733577360094761,0.9971313800586666,-5.070585373653149,0.00897035757791409,0.09752096795262405,0.9873503635109285,40.63386772208338,0.11656312324106693,11.68075283960518,0.14775727733969687
2,after_CCA,1,-2.125910511157851,-0.002188819116260232,-0.23154427738826291,0.998174376243181,-11.649267170793875,-0.0006626912121969752,-0.008534192555949957,0.9901039872649816,30.458947120508864,0.05560657747089863,9.952596791832862,0.09849102459847928
2,after_CCA,2,-1.5129348356506362,0.005676790207995497,0.2249002219909609,0.9894191945096028,-9.323730501431076,-0.01030244117486756,-0.05542774991153632,0.977973258195883,33.43585111979358,0.3537782371044159,8.96684340412474,0.19890195928514004
2,after_CCA,3,-1.9220281269880588,0.014063802524969526,0.44770568936298166,0.9835459227877936,-2.7954873445950312,0.019809577137834378,0.016775399965167827,0.9724975072587367,28.09787800308589,0.4623246541619301,9.31744007452858,0.25625282801687715
2,after_CCA,4,-1.6666227259724118,0.0018409204577839455,0.18527324776185738,0.9978074253431288,-14.364625998702675,0.03942311095359252,0.344109220206487,0.9946609126623106,35.68233637321125,0.0782361864298582,11.770455518833737,0.06284349001944065
2,after_CCA,5,-1.527044708143836,-1.473875396929003e-05,-0.11349295177188257,0.9999940410245682,-9.261752264462281,-0.00018077613259337433,-0.022722766758587608,0.9998694421634915,31.372199916922465,0.00018694616854190828,8.068253636034246,0.0010533737391233444
2,after_ML_DQ,0,-6.759548841317348,0.36719091208935273,0.7632525363390327,1.9531668821806514,-165.33676143777504,-4.786160605949575,0.5378223759563197,5.570882666633463,40.63386772208338,119.99859245176599,11.726341436692689,77.05241368938974
2,after_ML_DQ,1,0.055449149560244826,0.5029471374284494,0.5910141752640656,0.5949671871802462,-31.59042135308244,-4.755105438514553,0.4271766482133871,2.0633729253580406,30.458947120508864,44.4151748028248,10.187725045094199,31.155770241636745
2,after_ML_DQ,2,-6.755807127735379,0.47994953929231376,0.8656146390092064,2.1597274485342655,-291.92210159910536,-10.2647537249763,0.7573232512722335,6.02699190796134,33.43585111979358,105.64817654831695,9.241809473043334,64.94212038199595
2,after_ML_DQ,3,-73.05700794167473,-6.3437486648704295,0.8399256264744218,5.773480913098393,-203.12782623770985,-5.953314514690981,0.3638103725168844,9.786436377245513,28.09787800308589,190.32044035246946,9.842379619496604,106.164201566398
2,after_ML_DQ,4,-1.3717755986903777,0.44987864098560615,0.7166226969493209,1.0693427195839877,-115.39556085225952,-9.759515477369153,0.6021517605962677,2.825755828629304,35.68233637321125,72.88504961390412,11.943362922040928,45.69239031243319
2,after_ML_DQ,5,0.3104425547629457,0.3293568425197433,0.7757989817697728,0.5577433786784793,-59.13732153689256,0.5798777422472838,0.594197004504492,2.501134744884707,31.372199916922465,34.8637124201506,8.017684466054607,28.070993657626182
2,after_bridge,0,-6.759548841317348,0.36719091208935273,0.7632525363390327,1.9531668821806514,-387.95661638918557,-12.702747870410418,0.5367512389652483,5.709398987873724,40.63386772208338,119.99859245176599,11.5084970337044,77.21509834988406
2,after_bridge,1,0.055449149560244826,0.5029471374284494,0.5910141752640656,0.5949671871802462,-66.70410348838142,-10.43681412065867,0.4092831252517116,2.1325742483628103,30.458947120508864,44.4151748028248,9.873772242771548,30.925744369078394
2,after_bridge,2,-6.755807127735379,0.47994953929231376,0.8656146390092064,2.1597274485342655,-135.67631081249942,-4.2116502232700395,0.7547408654788079,5.832056262292321,33.43585111979358,105.64817654831695,9.546725533009479,65.22376596218339
2,after_bridge,3,-73.05700794167473,-6.3437486648704295,0.8399256264744218,5.773480913098393,-203.09901242561529,-5.803199803594069,0.3633662742321235,9.794484321431067,28.09787800308589,190.32044035246946,9.82665888894108,106.07371530872571
2,after_bridge,4,-1.3717755986903777,0.44987864098560615,0.7166226969493209,1.0693427195839877,-116.00423372709906,-9.963135429852446,0.6009223089222191,2.8372750446811543,35.68233637321125,72.88504961390412,11.911555966347697,45.70791645298893
2,after_bridge,5,0.3104425547629457,0.3293568425197433,0.7757989817697728,0.5577433786784793,-52.868206372322646,0.641936018093867,0.6108762558695111,2.4645620010939497,31.372199916922465,34.8637124201506,8.131260905755147,28.171257555060055
2,final,0,0.6187708808771036,0.6901044183966796,0.8211462302177727,0.32611740921146737,-5.702157931886688,0.1838084729098074,0.670755785166853,0.7348027351276466,40.63386772208338,32.69371336608793,11.59576823732863,3.140445837706584
2,final,1,0.5298352935853603,0.6792983143863816,0.834460509955501,0.27134786350689544,0.4225493818946474,0.5510231303925723,0.5764060033792777,0.18374845880085955,30.458947120508864,22.393296973718144,9.980892884506522,8.890927429489683
2,final,2,0.7127103066810822,0.7727899867813489,0.8567606090921036,0.3258412576461737,-3.659761915223453,0.14440472419488581,0.6476117254986891,0.7193262103457525,33.43585111979358,26.85574103010551,9.26571461131053,2.692726737531552
2,final,3,0.17267711528345375,0.34942936964132787,0.8357741043864184,0.5098974248272979,-0.7439576220363924,0.8098154080996238,0.3760792541785316,0.876680887483729,28.09787800308589,36.44790074702,9.817070876233286,1.2924325955267542
2,final,4,0.5986788993781726,0.6928959650840545,0.8105945430905983,0.3386305727164402,-7.201335110802107,0.010077460954944772,0.6421482474937152,0.7335248673909904,35.68233637321125,27.221633813845564,11.854793105420946,3.239023333334054
2,final,5,-0.03930444857437165,0.3874971355265695,0.7994170576442708,0.5323622857779214,0.37204153157372766,0.6748844258139204,0.6502001429194108,0.21997607357908888,31.372199916922465,14.786583503588204,8.140379296431144,6.612319174439347
3,after_CCA,0,-2.1706424243931908,0.0026962577117973785,0.1587952081998743,0.994524793455472,-9.65698539809244,0.01806858744823958,0.06226575118446335,0.9865858669642097,33.784326207458065,0.18497616395354272,9.052342207728532,0.12142932265996934
3,after_CCA,1,-1.4603623272151527,0.012761348965942831,0.35191107039192,0.9815888355586502,-7.855394815088367,0.05457861688946919,0.2139401224032297,0.9604260089480252,28.10956611510226,0.5175298441201448,7.870954965042861,0.3114851013571024
3,after_CCA,2,-2.0784744004519813,-0.003270901658577685,-0.20349727235937184,0.9969846694373633,-9.093295303443128,0.01985928148565741,0.09224499180260688,0.9811257887404593,31.347443354925236,0.09452290400862694,9.947240942477602,0.1893074821680784
3,after_CCA,3,-1.860026791487484,0.00024432528896978223,-0.0047540825422444696,0.9968413250238491,-9.035994593297115,-0.00649746761159653,-0.07292349148598075,0.9934623483076462,29.918585896623735,0.09450308859348297,10.109704161253681,0.06649545043706893
3,after_CCA,4,-1.989004001064655,-0.0008990128541224163,-0.11617931489887066,0.9991837946386196,-14.742455034748764,-0.006189388615140734,-0.1352760304991415,0.9990224469559146,29.732060318497616,0.0242674670368433,9.783476186878529,0.009563866928219795
3,after_CCA,5,-1.4406834820828842,0.001465019712453719,0.09449823016591477,0.9934632437750683,-1.0442969716888246,0.003989013099696903,0.19297343220283358,0.9806886210573941,36.14178332351447,0.23625002712011337,10.334919290502123,0.20097063034772872
3,after_ML_DQ,0,-0.09414599283480496,0.28965736159681454,0.522654746357181,0.5019811829250547,-2.5413818344158585,-0.2198030430610285,0.6116018780263441,0.5472373526697911,33.784326207458065,19.664753487774405,9.034238777587332,13.543298592559763
3,after_ML_DQ,1,0.12777080282706044,0.2919337566267216,0.6366378958451182,0.4353655728828729,-2.6335822071521084,0.7426227454680706,0.7799862345102635,0.641881073148427,28.10956611510226,18.89867334642797,7.927016346432982,13.000788843234536
3,after_ML_DQ,2,0.6935058325891159,0.719525817403373,0.7407947714908603,0.3174467720522477,-7.666837412412425,-4.181153479876409,0.4776640220601559,0.7732714793112675,31.347443354925236,34.84700606669812,10.036063449836329,16.262936812372995
3,after_ML_DQ,3,0.2162007211553062,0.623826756939259,0.8498618011544086,0.6342374260992303,-31.927979518385285,0.7485635150547999,0.677368153068121,2.129745666918536,29.918585896623735,43.879373910460615,10.395903692867021,32.53653453645296
3,after_ML_DQ,4,0.30476766189589444,0.7509436579993958,0.835850147252466,0.5750558289773267,-36.779585020284166,0.08149388899620202,0.5653991502464797,1.7793253128390119,29.732060318497616,43.80561582864729,9.994651757637957,27.778388623014095
3,after_ML_DQ,5,0.5342191316183005,0.5584072126184068,0.6676099955752359,0.39083637109462405,0.5440416919139648,0.5562549712761645,0.4389088238408381,0.5077258680150274,36.14178332351447,31.491738950458355,10.218194083207013,11.309144493235976
3,after_bridge,0,-0.09414599283480496,0.28965736159681454,0.522654746357181,0.5019811829250547,-1.034628770147508,0.06308846890256514,0.6113418566590112,0.5439366523174193,33.784326207458065,19.664753487774405,9.233192256176892,13.541210828972748
3,after_bridge,1,0.12777080282706044,0.2919337566267216,0.6366378958451182,0.4353655728828729,-3.0599470714040296,0.7200377968165514,0.7807975644666555,0.6540123984637999,28.10956611510226,18.89867334642797,7.85114532104522,12.971462440637874
3,after_bridge,2,0.6935058325891159,0.719525817403373,0.7407947714908603,0.3174467720522477,-4.252286173628693,-2.3408473056498686,0.48723720307497004,0.7450873449188603,31.347443354925236,34.84700606669812,10.19166462877548,15.980440032287852
3,after_bridge,3,0.2162007211553062,0.623826756939259,0.8498618011544086,0.6342374260992303,-40.85724631815935,0.6930104600288158,0.6666498704653964,2.181466688735443,29.918585896623735,43.879373910460615,10.15203522557084,32.29836189302243
3,after_bridge,4,0.30476766189589444,0.7509436579993958,0.835850147252466,0.5750558289773267,-37.116994675432395,0.05927020757856438,0.5702916500914585,1.777027607082981,29.732060318497616,43.80561582864729,10.026381128537388,27.84353719308414
3,after_bridge,5,0.5342191316183005,0.5584072126184068,0.6676099955752359,0.39083637109462405,0.5363044708458968,0.5466759995421668,0.4355327916649437,0.5108692050037816,36.14178332351447,31.491738950458355,10.270424531078007,11.298310117987684
3,final,0,-0.06169146414803217,0.45736566167996096,0.7930012777020892,0.48715293716359354,0.3590526847449599,0.8302966271485266,0.7181761230067174,0.23553164693238168,33.784326207458065,17.36426581106005,9.12881595408461,7.010317273793553
3,final,1,0.029148564093986473,0.38632772259338166,0.7861930468445387,0.48547506149642305,0.6024665603023173,0.788606414023741,0.8107933618799514,0.1724784673837534,28.10956611510226,14.523078340321717,7.926225180932498,6.743806840852194
3,final,2,0.2797028365576102,0.6708750023954229,0.7989279181011024,0.4340243325644054,-2.3907517242842835,-0.0037536914403419885,0.5730471906443861,0.5475373215657683,31.347443354925236,17.778556116192064,10.03325678769552,4.754029466555137
3,final,3,0.5345303295092995,0.6567855852767983,0.8608186571182773,0.27653379437045766,0.7247295754441855,0.7304474840579978,0.6483693734563233,0.14778235656009872,29.918585896623735,22.27296527727736,10.19936073392131,9.939218857114342
3,final,4,0.7176705029627294,0.7586052167486554,0.8500917510301017,0.20359091523286307,0.021335766085690988,0.2526547888530072,0.5445566526163012,0.22780412114854776,29.732060318497616,25.46924410854964,10.097367248205776,8.654712173170585
3,final,5,0.23016192796044743,0.6262204017227124,0.7765667634534588,0.5252664762578791,-0.09998086396985761,0.7191734568029929,0.4364999162987103,0.8862268497492536,36.14178332351447,17.325404637804635,10.221149438675612,1.1628923708217753
4,after_CCA,0,-2.611118143619348,0.01325769294268997,0.45311428155808925,0.9933282735996356,-3.4920732138640584,0.011007994618831951,-0.02493172164316533,0.9960257047536044,32.930864021854916,0.21970571488142013,11.102113603182215,0.04412307731807232
4,after_CCA,1,-1.655757068589938,-0.0033233646229755553,-0.33421841164183297,0.9976470861169056,-16.401272990930753,-0.01172995121630227,-0.0914190369339494,0.9862699594960079,35.79713251597935,0.08422757007181644,10.365086777468765,0.14426327295601368
4,after_CCA,2,-1.8569611101051917,0.01241756814863959,0.4331242146263458,0.9882170176718986,-10.89858509886844,0.01615973614001709,0.06448310848724567,0.9810600809167308,31.870413729272773,0.3755285217612982,8.97060624008416,0.1701990704983473
4,after_CCA,3,-2.1203640652873785,0.011529941247738984,0.41882694650076874,0.9912994196318956,-14.797231841552481,0.040064894919138005,0.24247158479503803,0.9862674111703923,34.000607065520654,0.2958250143378973,11.849044592240743,0.16271805740892886
4,after_CCA,4,-1.8564962585422005,0.005101597973894978,0.21874460269371446,0.9957673047898011,-3.7831287761527346,0.011133417550650893,0.07695116775105373,0.9963757734944177,29.81381607327113,0.12619279649108647,9.289446307297906,0.03366705752909183
4,after_CCA,5,-1.7368779219216757,-0.0005814046835956876,0.016571369838340455,0.9975532758865383,-8.844231646153299,0.037058629711558155,0.2800198164418459,0.9870943004220636,32.25646578215558,0.07892267264425755,9.032051277750815,0.11656494036316872
4,after_ML_DQ,0,-28.41470316044355,-3.468209615213679,0.784038829540812,3.0625595147175004,-53.122127751992096,-10.9130129788846,0.38497857250132683,3.3972071296472244,32.930864021854916,133.7835949598549,11.132364832843678,48.951314012814244
4,after_ML_DQ,1,-2.885559589932609,0.4373100298402427,0.7694473479819908,1.4147234969178695,-148.8692223616282,-13.5814063642841,0.42756298014697286,3.23436451171511,35.79713251597935,86.44017700861804,10.497023031506423,44.44822180326696
4,after_ML_DQ,2,-1.9683570580220828,0.7572250354375869,0.8039123869826973,1.193255156077178,-180.4988980912629,-6.101427801804798,0.4222950197995386,3.773803223217566,31.870413729272773,69.89994923804039,8.930572313763776,42.63279489662306
4,after_ML_DQ,3,0.6156982114954743,0.6224934317777127,0.6816887008412674,0.33162738445694545,-3.2978655797722807,-1.8013133144852547,0.6554338546800201,0.49958383026490594,34.000607065520654,32.097731064735875,12.187174241406378,16.453815667499768
4,after_ML_DQ,4,-25.071474069526715,-2.970119462214495,0.6582240321895132,3.4310288804121574,-118.13926351726056,-20.763431179921376,0.41966544638673653,5.104697176874819,29.81381607327113,132.10588005596054,9.319838887272589,56.75531774391691
4,after_ML_DQ,5,0.35893664247885015,0.38895247476302464,0.5747669438648921,0.4378463077028323,-18.75956119730568,-1.675352943478075,0.6237853078898344,1.4444974585906438,32.25646578215558,28.02572780653109,9.080763620977319,21.90708414856109
4,after_bridge,0,-28.41470316044355,-3.468209615213679,0.784038829540812,3.0625595147175004,-52.4186682448077,-10.539362355972369,0.3709041801784815,3.3901194510450914,32.930864021854916,133.7835949598549,11.088724604322358,48.68082557271788
4,after_bridge,1,-2.885559589932609,0.4373100298402427,0.7694473479819908,1.4147234969178695,-55.73923318846741,-4.486203051789053,0.43848352740430735,3.169738878610271,35.79713251597935,86.44017700861804,10.706005990088402,44.64124941150606
4,after_bridge,2,-1.9683570580220828,0.7572250354375869,0.8039123869826973,1.193255156077178,-70.07031292707173,-1.8249839136685195,0.42673470991228657,3.6567145221406303,31.870413729272773,69.89994923804039,9.194680819558373,42.81700369888538
4,after_bridge,3,0.6156982114954743,0.6224934317777127,0.6816887008412674,0.33162738445694545,-3.3717135455644174,-1.797127516851074,0.6659136915097871,0.49417419877131236,34.000607065520654,32.097731064735875,12.203733903098104,16.41914005836167
4,after_bridge,4,-25.071474069526715,-2.970119462214495,0.6582240321895132,3.4310288804121574,-118.396698254256,-20.679684292624874,0.42369729887994406,5.1092025612809895,29.81381607327113,132.10588005596054,9.31672353743915,56.77827489752593
4,after_bridge,5,0.35893664247885015,0.38895247476302464,0.5747669438648921,0.4378463077028323,-17.48763672368324,-1.4853778696433033,0.6342949202033933,1.4250575066079858,32.25646578215558,28.02572780653109,9.146143656352695,21.88910488537277
4,final,0,0.4651978246563677,0.47232487475305085,0.7765691569600465,0.3731806404279478,-2.0415296400117953,0.8470867732651606,0.3418116075754352,0.8886156586205375,32.930864021854916,34.6355241900723,11.054630951736437,1.2313127877521834
4,final,1,0.6148788400856309,0.7183998173590256,0.829385502413215,0.3564460820609866,-4.2807425593843,0.21098249669753777,0.41776455376044197,0.8956987557504608,35.79713251597935,26.858371274712425,10.631189066616253,1.139542364698202
4,final,2,0.5413123148342147,0.7594543243066639,0.8282257313120859,0.34573013012628,-7.850932792046855,-0.039345082239979234,0.4129569239383539,0.8233451694856341,31.870413729272773,21.11168290195269,8.94646884877919,1.6005630920341616
4,final,3,0.8027690375032562,0.8420341178118284,0.884191046275291,0.1578647552727933,0.7781541064023496,0.79820531944792,0.7728714811150165,0.09311094571705616,34.000607065520654,29.426440618705257,12.248928513871654,11.758539723734744
4,final,4,0.5286819583891607,0.5347079009197957,0.7861440762215463,0.39949561791348803,-2.6522634065153046,0.7429196857000608,0.22170865351365635,0.9519562018150445,29.81381607327113,31.502875726492142,9.388054224784154,0.45103778252495075
4,final,5,0.39378244062778045,0.5983070801662256,0.8519291795651444,0.3444648222855773,0.6574024094166029,0.777010300298683,0.7738362113177049,0.16563309033450327,32.25646578215558,21.212787368278672,9.11726711266007,8.008724367634528
5,after_CCA,0,-2.69455351219557,-4.6309431712243665e-05,-0.07889447236180905,0.9999877879611208,-5.580108346868851,0.0045124539905588845,0.1339548711490027,0.9986743351950333,31.924287892493886,0.0003898606449365616,9.74457396195188,0.012918038740754128
5,after_CCA,1,-2.048764818174084,-0.00010625413206244438,0.08065900670236723,0.995780767513241,-17.549103588665183,0.041419260084965215,0.24179458023086017,0.9863095769984166,33.33676786487278,0.14065557397902012,10.343836818163568,0.14193394370377063
5,after_CCA,2,-1.8976940618750233,0.0029020373519855758,0.0941773327765998,0.9943839385758663,-2.2886435221611934,0.018935597869894405,0.005370964890833891,0.9904298643694112,31.041071295124894,0.17432856306433678,10.395642644352945,0.09948771007359028
5,after_CCA,3,-1.6169178154894617,0.020580738008835198,0.5379801351842578,0.9807543989642541,-2.2730958593322663,0.02383295463047197,0.313518480040002,0.9693373898982134,29.19418398844667,0.5618596176058054,11.038052674644248,0.33845550544559955
5,after_CCA,4,-1.9231054491831183,0.004816892542644391,0.18272303525341296,0.9874729325620024,-3.9285267063276548,0.028142516409019103,0.28127517921378853,0.9690403772811561,26.17403540060869,0.32788390658795835,9.129754378538593,0.28431095436215403
5,after_CCA,5,-1.9703573185012009,0.004839897630679935,0.25558060033840935,0.9916182784014566,-10.890582296737147,0.008763016686989977,-0.012783643816808321,0.978748058845389,41.25758667589545,0.34580960534512994,11.543363789409195,0.246365225315094
5,after_ML_DQ,0,0.46109926141427204,0.4705443627717427,0.5908851632952462,0.3565203084958338,-9.662512184840443,-0.7960006823884274,0.4327286060775299,1.2549535737892277,31.924287892493886,30.034210654724376,9.615726524361255,21.52858002198859
5,after_ML_DQ,1,0.41962807626148113,0.544213333788118,0.8135116485403451,0.32158454380943297,-0.7478864170666164,0.3174294087887263,0.531912318601536,0.4072611412880349,33.33676786487278,25.150503597484885,10.450106088255797,14.360463641602538
5,after_ML_DQ,2,-0.8253285901123435,0.596720827962763,0.7534779228263655,0.8608139122795251,-3.288040659118294,-0.8861607543310008,0.3210901552203874,1.0631572836319705,31.041071295124894,57.74057753233796,10.32732917444083,20.81937888071871
5,after_ML_DQ,3,-4.090213201108347,0.4579760053117239,0.8632503281036978,1.6345155771980553,-19.642269651598163,0.025882740058086662,0.7017673017934252,2.8228368735841456,29.19418398844667,76.9125324811488,11.244219557997528,42.98481714098898
5,after_ML_DQ,4,-0.6534363335009254,0.5619763972210021,0.8643365102327778,0.9026591659943636,-87.74199915363218,0.8840324521355722,0.8043598650757692,3.186538992289644,26.17403540060869,46.695719970658395,8.804563399364193,36.860647981524444
5,after_ML_DQ,5,0.25742153948311763,0.521512029469434,0.6639508087130507,0.4199349421103368,-1.226614143483316,-1.169228868244586,0.5999158127548933,0.32236251358270523,41.25758667589545,26.298003494035438,11.451071598147774,12.230403757430608
5,after_bridge,0,0.46109926141427204,0.4705443627717427,0.5908851632952462,0.3565203084958338,-9.436580684150627,-0.7519360694445134,0.43341630350727,1.2496146935497163,31.924287892493886,30.034210654724376,9.64370575570042,21.540185299593944
5,after_bridge,1,0.41962807626148113,0.544213333788118,0.8135116485403451,0.32158454380943297,-2.0141454499237534,0.44380094924292446,0.5467648651394653,0.3956879739335753,33.33676786487278,25.150503597484885,10.3982366166834,14.475194331038736
5,after_bridge,2,-0.8253285901123435,0.596720827962763,0.7534779228263655,0.8608139122795251,-3.1740079860432306,-0.8313370951886858,0.31567976264384295,1.0536823050798605,31.041071295124894,57.74057753233796,10.381939326274983,20.833679560789825
5,after_bridge,3,-4.090213201108347,0.4579760053117239,0.8632503281036978,1.6345155771980553,-19.49138938218039,0.016188385941768968,0.702099776748972,2.813029311002638,29.19418398844667,76.9125324811488,11.303058685277398,43.09889407094566
5,after_bridge,4,-0.6534363335009254,0.5619763972210021,0.8643365102327778,0.9026591659943636,-77.50824982199961,0.8904255377734109,0.8106312292358805,3.1472019974581706,26.17403540060869,46.695719970658395,8.905259139706493,36.9319084920734
5,after_bridge,5,0.25742153948311763,0.521512029469434,0.6639508087130507,0.4199349421103368,-1.1392907164676753,-1.085372451686501,0.5987007933872884,0.3223175173338373,41.25758667589545,26.298003494035438,11.43139390662743,12.194602458894247
5,final,0,0.4073070059909957,0.7254899911018278,0.8470476643241898,0.34631114000374635,0.10260467665407336,0.4550013982100036,0.6032715272572474,0.3064074574875561,31.924287892493886,20.954083569296543,9.843147643223451,7.124131995917353
5,final,1,0.20612646561191672,0.5811748380725733,0.8174027128460933,0.42644717377074853,-0.9149936345260046,0.426350602303478,0.5972888446057659,0.30088156668086036,33.33676786487278,19.133244965216512,10.444738948522177,7.330028270729051
5,final,2,0.6211694016556291,0.8066984652851581,0.7785076640295706,0.33615309077789157,-1.0885457246779322,0.7168190221753514,0.32399703818562425,0.8971901992630131,31.041071295124894,21.39718987409983,10.286841690575978,1.2133594512358705
5,final,3,0.7934103685766486,0.8142062666972968,0.8678126619621191,0.2565188647471073,-0.2370740620262084,0.539572969559989,0.6968464738347843,0.5657853774432996,29.19418398844667,25.967510776714263,11.218346111334217,4.913631893227183
5,final,4,0.5109432071025174,0.5935599050374019,0.8845767857936433,0.2392515610368686,0.7439153411156778,0.8684101065446574,0.765525972530062,0.14058463345493816,26.17403540060869,20.82365040001365,8.86289442880274,9.952570800978258
5,final,5,0.06711745526042456,0.614983095267374,0.771440095630654,0.5225675688344092,-7.163431349134905,0.2538239073709859,0.6193671351503137,0.7920944330325415,41.25758667589545,19.71091749066066,11.489482620882296,2.3982096422975356
